{
    "utterances": [
        {
            "text": "con",
            "entities": [],
            "traits": [],
            "intent": "spawn_fox_devil"
        },
        {
            "text": "cong",
            "entities": [],
            "traits": [],
            "intent": "spawn_fox_devil"
        },
        {
            "text": "kon",
            "entities": [],
            "traits": [],
            "intent": "spawn_fox_devil"
        },
        {
            "text": "kong",
            "entities": [],
            "traits": [],
            "intent": "spawn_fox_devil"
        }
    ]
}
